{
  "manifest": {
    "apis": {
      "custom": {
        "endpoint": {
          "sslCertificateType": "Wildcard",
          "uri": "arn:aws:lambda:us-east-1:160164440893:function:e171b815-672f-4a01-a740-f2787bd357bb:Release_0"
        },
        "interfaces": [],
        "regions": {
          "EU": {
            "endpoint": {
              "uri": "arn:aws:lambda:eu-west-1:160164440893:function:e171b815-672f-4a01-a740-f2787bd357bb:Release_0"
            }
          },
          "NA": {
            "endpoint": {
              "uri": "arn:aws:lambda:us-east-1:160164440893:function:e171b815-672f-4a01-a740-f2787bd357bb:Release_0"
            }
          },
          "FE": {
            "endpoint": {
              "uri": "arn:aws:lambda:us-west-2:160164440893:function:e171b815-672f-4a01-a740-f2787bd357bb:Release_0"
            }
          }
        }
      }
    },
    "manifestVersion": "1.0",
    "privacyAndCompliance": {
      "allowsPurchases": false,
      "containsAds": false,
      "isChildDirected": false,
      "isExportCompliant": true,
      "locales": {
        "en-US": {
          "privacyPolicyUrl": "https://creator.voiceflow.com/creator/privacy_policy?name\u003dRob%20Hayes\u0026skill\u003dFirst%20Project",
          "termsOfUseUrl": "https://creator.voiceflow.com/creator/terms?name\u003dRob%20Hayes\u0026skill\u003dFirst%20Project"
        }
      },
      "usesPersonalInfo": false
    },
    "publishingInformation": {
      "isAvailableWorldwide": true,
      "locales": {
        "en-US": {
          "description": "Enter your description for the skill First Project",
          "examplePhrases": [
            "Alexa, open First Project",
            "Alexa, start First Project",
            "Alexa, launch First Project"
          ],
          "keywords": [],
          "name": "CloudHub Bot",
          "summary": "Enter your summary for the skill First Project",
          "updatesDescription": ""
        }
      },
      "testingInstructions": "Sample Instruction"
    }
  }
}