{
  "interactionModel": {
    "languageModel": {
      "invocationName": "first project",
      "intents": [
        {
          "name": "AMAZON.FallbackIntent",
          "samples": []
        },
        {
          "name": "AMAZON.StopIntent",
          "samples": []
        },
        {
          "name": "AMAZON.HelpIntent",
          "samples": []
        },
        {
          "name": "okay",
          "slots": [],
          "samples": [
            "okay",
            "Okay sure",
            "please do that",
            "yes please",
            "link my cloudhub account",
            "Sure",
            "yes"
          ]
        },
        {
          "name": "myfirstname",
          "slots": [],
          "samples": [
            "user name",
            "name",
            "my name"
          ]
        },
        {
          "name": "mylastname",
          "slots": [],
          "samples": [
            "full name",
            "my full name",
            "What is my last name",
            "Last name"
          ]
        },
        {
          "name": "myemailid",
          "slots": [],
          "samples": [
            "credentials",
            "login id",
            "email Id"
          ]
        },
        {
          "name": "myphonenumber",
          "slots": [],
          "samples": [
            "what is my number",
            "what is my contact number",
            "contact number",
            "mobile number"
          ]
        },
        {
          "name": "totalorganizations",
          "slots": [],
          "samples": [
            "organisation",
            "organization",
            "total organisations",
            "total organizations"
          ]
        },
        {
          "name": "account",
          "slots": [],
          "samples": [
            "account details",
            "my account"
          ]
        },
        {
          "name": "servers",
          "slots": [],
          "samples": [
            "server",
            "server status",
            "server details"
          ]
        },
        {
          "name": "workers",
          "slots": [],
          "samples": [
            "workers",
            "worker status",
            "worker type"
          ]
        },
        {
          "name": "clusters",
          "slots": [],
          "samples": [
            "cluster details"
          ]
        },
        {
          "name": "AMAZON.YesIntent",
          "samples": []
        },
        {
          "name": "AMAZON.NoIntent",
          "samples": []
        },
        {
          "name": "capture_intent_uzkae",
          "slots": [
            {
              "name": "capture_slot_majyb",
              "type": "AMAZON.Ordinal"
            }
          ],
          "samples": [
            "{capture_slot_majyb}"
          ]
        },
        {
          "name": "AMAZON.NavigateHomeIntent",
          "samples": []
        },
        {
          "name": "AMAZON.CancelIntent",
          "samples": []
        },
        {
          "name": "AMAZON.RepeatIntent",
          "samples": []
        }
      ],
      "types": [],
      "modelConfiguration": {
        "fallbackIntentSensitivity": {
          "level": "LOW"
        }
      }
    }
  },
  "version": "18"
}